,Date,Index_Component_Count,Internal_Number,ISIN,SEDOL,Instrument_Name,Country,Currency,ICB
51156,2023-12-18,1148,CN2ORG,CNE100002RJ6,BFF1Z18,JIANGSU CHGSH.RUR.CMLBK. 'A' (CCS),CN,CNY,30101010.0
51155,2023-12-18,1148,CN34X3,CNE000000VJ3,BP3RMQ2,STATE GRID INFO & COMM 'A' (CCS),CN,CNY,10101010.0
51121,2023-12-18,1148,CN2SB4,CNE000000GX5,BD5CFH3,TANGSHAN JIDONG CMT.'A' (CCS),CN,CNY,50101030.0
51138,2023-12-18,1148,CN2WYV,CNE000000FB3,BD5CNG8,Wanxiang 'A' (CCS),CN,CNY,40101025.0
50864,2023-12-18,1148,CN2GK1,CNE0000014B1,BD5CJ15,Newland 'A' (CCS),CN,CNY,10101015.0
51118,2023-12-18,1148,CN2TMG,CNE100000CT1,BD5C9N7,ZHEJIANG CRYSTAL OPTECH 'A' (CCS),CN,CNY,10102015.0
51043,2023-12-18,1148,CN353A,CNE100003ZJ7,BMQ63N9,CHINA SUNTIEN GREEN ENERGY 'A' (CCS),CN,CNY,65102020.0
51120,2023-12-18,1148,CN30GI,CNE000001DZ5,BFYQHK7,SHENGHE RESOURCES HDG. 'A' (CCS),CN,CNY,55102000.0
50878,2023-12-18,1148,CN2QH8,CNE100000M47,BD5CJL5,TAIJI COMPUTER 'A' (CCS),CN,CNY,10101010.0
51094,2023-12-18,1148,CN2XIG,CNE100000SM2,BD5LZT2,GUANGZHOU ZHUJIANG BREW. 'A' (CCS),CN,CNY,45101010.0
50911,2023-12-18,1148,CN38T3,CNE1000046G0,BNR4M65,QINGDAO SENTURY TIRE 'A' (CCS),CN,CNY,40101015.0
51116,2023-12-18,1148,CN2V95,CNE1000005X1,BD5LTP6,CNNC HUA YUAN TITANIUM DIOXIDE (CCS),CN,CNY,55201020.0
51111,2023-12-18,1148,CN32W0,CNE100000643,BD5CB86,Beijing BDStar 'A' (CCS),CN,CNY,15101010.0
51495,2023-12-18,1148,HK90U4,KYG711391022,BDRYVB3,PING AN HEALTHCARE AND TECH CO,CN,HKD,20101025.0
51216,2023-12-18,1148,CN2TKE,CNE000000XH3,BD5C9L5,Shunxin 'A' (CCS),CN,CNY,45101015.0
51161,2023-12-18,1148,CN3C9N,CNE100001D21,BD73MH3,GUOSHENG FINL.HLDG.'A' (CCS),CN,CNY,30202000.0
51484,2023-12-18,1148,CN87P3,KYG2110A1114,BC9S4J5,CHINASOFT INTERNATIONAL,CN,HKD,10101010.0
51137,2023-12-18,1148,CN31PS,CNE1000026G2,BK94831,QIANHE CONDIMENT &.FOOD 'A' (CCS),CN,CNY,45102020.0
51460,2023-12-18,1148,HK01IK,HK1208013172,6728793,MMG,CN,HKD,55102040.0
50784,2023-12-18,1148,CN91T2,US88557W1018,BFMV9Y2,QIFU TECHNOLOGY ADR,CN,USD,30201020.0
51110,2023-12-18,1148,CN2N9X,CNE000001DG5,BTFRHD0,Gaochun Ceram 'A' (CCS),CN,CNY,50201020.0
51470,2023-12-18,1148,CN2CR4,HK0000658531,BNHQ5S4,SIMCERE PHARMACEUTICAL GROUP,CN,HKD,20103015.0
51222,2023-12-18,1148,CN75R2,CNE000001642,BDC41N0,CHINA PETROLEUM ENGINEERING A (CCS),CN,CNY,60101030.0
51115,2023-12-18,1148,CN2KH2,CNE000000Q29,BP3R8X1,CHINA MEHECO GROUP 'A' (CCS),CN,CNY,20103015.0
51230,2023-12-18,1148,CN4CCR,CNE100005857,BLC7SD4,SHENZHEN KTC TECHNOLOGY 'A' (CCS),CN,CNY,10102030.0
51492,2023-12-18,1148,CN91LU,HK0000056256,6971779,CHINA TRADITIONAL CHI MEDICINE,CN,HKD,20103015.0
51150,2023-12-18,1148,CN33RW,CNE0000014Z0,BFY8G62,SICHUAN NEW ENERGY POWER 'A' (CCS),CN,CNY,60102020.0
51129,2023-12-18,1148,CN2Y21,CNE000000XP6,BD5CL31,ANHUI ZHONGDING SEALING PART A (CCS),CN,CNY,40101025.0
51107,2023-12-18,1148,CN36EM,CNE000001BG9,BMVB2W1,Pharm Glass 'A' (CCS),CN,CNY,20102015.0
51227,2023-12-18,1148,CN95DQ,CNE100004P08,BQWR9T2,ZHEJIANG PUBLISHIN 'A' (CCS),CN,CNY,40301030.0
51125,2023-12-18,1148,CN2SJC,CNE100001JZ1,BD5CHY4,HEFEI MEIYA OT.TECH.'A' (CCS),CN,CNY,50202025.0
51108,2023-12-18,1148,CN2FK0,CNE1000023Q8,BYZW4H3,LBX PHMCY.CHAIN 'A' (CCS),CN,CNY,45201015.0
51048,2023-12-18,1148,CN2WPM,CNE100005154,BP91NB0,QILU BANK 'A' (CCS),CN,CNY,30101010.0
51472,2023-12-18,1148,CN2CU7,KYG2006G1156,BMD9CV2,CENTRAL NEW ENERGY HOLDING GROUP,CN,HKD,50101015.0
51117,2023-12-18,1148,CN2QZQ,CNE1000020C4,BD5CM38,CHENGDU KANGHONG PHARM. 'A' (CCS),CN,CNY,20103015.0
51134,2023-12-18,1148,CN395G,CNE100004BQ1,BQ3RWS1,CHINA NAT. GOLD GRP JEWEL 'A' (CCS),CN,CNY,40204030.0
51131,2023-12-18,1148,CN2HHZ,CNE000000GH8,BD5LVS3,Fenghua Adv 'A' (CCS),CN,CNY,50202010.0
51217,2023-12-18,1148,CN2VHD,CNE100002XN6,BK947T0,CHINA KINGS RESOURCES GP.'A' (CCS),CN,CNY,55102000.0
51443,2023-12-18,1148,635425,BMG2442N1048,6354251,COSCO SHIPPING PORTS,CN,HKD,50206060.0
51128,2023-12-18,1148,CN35OV,CNE100004355,BQ3RWY7,SHAI.HUAFON ACP.'A' (CCS),CN,CNY,55102035.0
51162,2023-12-18,1148,CN33V0,CNE100003670,BFY8GP1,FORYOU 'A' (CCS),CN,CNY,50202010.0
51467,2023-12-18,1148,CN2CAN,CNE100004QP1,BMX6SZ9,SHANGHAI MICROPORT MEDBOT 'H',CN,HKD,20102010.0
51454,2023-12-18,1148,BM1075,BMG4404N1149,BMDMJ87,CHINA RUYI HOLDINGS,CN,HKD,40301010.0
51154,2023-12-18,1148,CN2KCX,CNE000000B83,BP3R7J0,Sh Tunnel Eng 'A' (CCS),CN,CNY,50101010.0
51113,2023-12-18,1148,CN2URM,CNE0000004H9,BD5CMQ1,Northeast Secs 'A' (CCS),CN,CNY,30202015.0
51221,2023-12-18,1148,CN2G0H,CNE000001PP0,BD5CB97,XINJIANG ZHONGTAI CHEMICAL 'A' (CCS),CN,CNY,55201000.0
51474,2023-12-18,1148,CN887M,BMG653181005,B0WC2B8,NINE DRAGONS PAPER HDG.,CN,HKD,55101015.0
51136,2023-12-18,1148,CN2I6P,CNE1000010M4,BP3R5N0,BBMG 'A' (CCS),CN,CNY,50101030.0
51174,2023-12-18,1148,CN96AO,CNE100000B65,BD57ZV2,HONGBO 'A' (CCS),CN,CNY,50205030.0
51173,2023-12-18,1148,CN2QXO,CNE000000FS7,BD5CLW0,Zhongjin 'A' (CCS),CN,CNY,55102050.0
51133,2023-12-18,1148,CN3226,CNE000000D24,BD5LTX4,INNER MONGOLIA XINGYE SILVER TIN MINING.'A' (CCS),CN,CNY,55102000.0
51214,2023-12-18,1148,CN309B,CNE100001X35,BFCCQJ9,NANJING ESTUN ATMTN.'A' (CCS),CN,CNY,50204000.0
51109,2023-12-18,1148,CN33QV,CNE100002QJ8,BFCCQP5,CHOW TAI SENG JEWELLERY 'A' (CCS),CN,CNY,40204030.0
51132,2023-12-18,1148,CN7D2L,CNE0000017Z3,BP3RD47,China Railway 'A' (CCS),CN,CNY,50206025.0
51186,2023-12-18,1148,CN37PY,CNE100002W27,BK94819,JOINN LABORATORIES CHINA 'A' (CCS),CN,CNY,20103010.0
51122,2023-12-18,1148,CN2QI9,CNE000000HN4,BD5CJV5,XINGRONG ENVIRONMENT 'A' (CCS),CN,CNY,65102030.0
51127,2023-12-18,1148,CN2R0S,CNE100001104,BD5CM83,ZHEJIANG SEMIR GRMT.A (CCS),CN,CNY,40204020.0
51055,2023-12-18,1148,CN33UZ,CNE1000032W7,BFY8GN9,DOUBLE MEDICAL TECHNOLOGY 'A' (CCS),CN,CNY,20102010.0
51124,2023-12-18,1148,CN95FS,CNE100005Z88,BNC3K41,SHENZHEN CECPORT TECHNOLOGIES 'A' (CCS),CN,CNY,10102010.0
51226,2023-12-18,1148,CN2F1H,CNE000000B00,BP3RGN7,WUXI TAIJI IND. 'A' (CCS),CN,CNY,50101015.0
51187,2023-12-18,1148,CN38BL,CNE100000Z75,BMTCVM9,ANHUI HONGLU STL.CON. GP 'A' (CCS),CN,CNY,55102010.0
51486,2023-12-18,1148,CN8FVH,KYG8875G1029,BY9D3L9,3SBIO,CN,HKD,20103010.0
51238,2023-12-18,1148,CN2IQ9,CNE000001BJ3,BP3RC62,WOLONG ELECTRIC DRIVE GRP 'A' (CCS),CN,CNY,50202010.0
51183,2023-12-18,1148,CN4BM0,CNE000001DW2,BP3RBQ5,SHUANGLIANG ECO-ENERGY SYS. A (CCS),CN,CNY,50204000.0
51240,2023-12-18,1148,CN35MT,CNE100000VV7,BQ3RQ89,DAJIN HEAVY INDUSTRY 'A' (CCS),CN,CNY,60102020.0
51218,2023-12-18,1148,CN2J9T,CNE0000008P3,BS7K3V0,SHANGHAI WANYE ENTS. 'A' (CCS),CN,CNY,35101010.0
51202,2023-12-18,1148,CN34RX,CNE100002W68,BKM3FC3,CHINA PUBLISHING & MEDIA HDG A (CCS),CN,CNY,40301030.0
51114,2023-12-18,1148,CN2PUK,CNE100000P85,BD5C8H4,DFD NEW MATERIALS 'A' (CCS),CN,CNY,55201020.0
51130,2023-12-18,1148,CN2KN8,CNE000000DD4,BP3R9K5,MAANSHAN IRON & STL. 'A' (CCS),CN,CNY,55102010.0
51231,2023-12-18,1148,CN2Z77,CNE100000P93,BD5LZV4,ZIBO QIXIANG TENGDA CHM. 'A' (CCS),CN,CNY,55201000.0
51135,2023-12-18,1148,CN789N,CNE0000007X9,BP3R6N7,ZHEJIANG DLY. DGT. CULT. GR. A (CCS),CN,CNY,40203040.0
51215,2023-12-18,1148,CN7DVE,CNE000000CB0,BP3R626,SHANGHAI BAILIAN GROUP 'A' (CCS),CN,CNY,45201010.0
51207,2023-12-18,1148,CN2WKH,CNE000000ZV9,BKP87M9,CHINA RAILWAY MTRL. CMPNY 'A' (CCS),CN,CNY,50206020.0
51235,2023-12-18,1148,CN2WXU,CNE100004JY8,BQ3RQ67,INNER MONGOLIA DAZHONG MI. 'A' (CCS),CN,CNY,55102010.0
51189,2023-12-18,1148,CN2PC2,CNE100001F37,BHQPRQ2,GUANGDONG HONGDA HLDGS 'A' (CCS),CN,CNY,55102000.0
51233,2023-12-18,1148,CN33DI,CNE100000WW3,BD6QVT8,GCL SY.INTG.TECH.'A' (CCS),CN,CNY,60102020.0
51223,2023-12-18,1148,CN2LI4,CNE000000CM7,BP3R1Y3,CETC DIGITAL TECHNOLOGY 'A' (CCS),CN,CNY,10101010.0
50866,2023-12-18,1148,CN2IZI,CNE000001GR5,BP3RG37,Huafa Ind 'A' (CCS),CN,CNY,35101010.0
51190,2023-12-18,1148,CN2L8U,CNE100001SM0,BTFRHR4,CHINA WAFER LEVEL CSP 'A' (CCS),CN,CNY,10102020.0
51236,2023-12-18,1148,CN2ULG,CNE100000P02,BD5CKT0,SHENZHEN HEPALINK PHARM. 'A' (CCS),CN,CNY,20103015.0
51213,2023-12-18,1148,CN385F,CNE100000PX5,BL4P3Y2,COFCO CAPITAL HOLDINGS 'A' (CCS),CN,CNY,30301010.0
51237,2023-12-18,1148,CN2NH5,CNE1000019T0,BD5LYV7,YANTAI VALIANT FINE CHEMS.'A' (CCS),CN,CNY,55201020.0
51180,2023-12-18,1148,CN35T0,CNE100003LK5,BK4XS33,SICHUAN TEWAY FOOD GROUP 'A' (CCS),CN,CNY,45102020.0
51229,2023-12-18,1148,CN2T0U,CNE000000QG9,BD5CLL9,XINXING PIPES 'A' (CCS),CN,CNY,55102010.0
51241,2023-12-18,1148,CN4C9O,CNE1000056L9,BLC7SC3,BANK OF LANZHOU 'A' (CCS),CN,CNY,30101010.0
51212,2023-12-18,1148,CN31LO,CNE0000011Z6,BHQPRG2,INFORE ENVM.TECH.GP.'A' (CCS),CN,CNY,50204000.0
51219,2023-12-18,1148,CN32X1,CNE0000004F3,BD5CF84,SHAANXI TRUST 'A' (CCS),CN,CNY,30202000.0
51126,2023-12-18,1148,CN2U94,CNE1000000F9,BD5CHL1,LEO GROUP 'A' (CCS),CN,CNY,40301020.0
51239,2023-12-18,1148,CN2F7N,CNE000001329,BP3RKF7,SHAANXI CONSTR. ENGIN. GP. 'A' (CCS),CN,CNY,50101010.0
51209,2023-12-18,1148,CN2OYN,CNE100002RX7,BG139S0,RED STAR MACALLINE GROUP 'A' (CCS),CN,CNY,35101010.0
51182,2023-12-18,1148,CN2HJ1,CNE100000HW4,BD5LX76,ZHONGSHENG PHARM 'A' (CCS),CN,CNY,20103015.0
51203,2023-12-18,1148,CN2XA8,CNE100000WF8,BD5LSZ9,SICHUAN YAHUA INDUSTRIAL A (CCS),CN,CNY,55201020.0
51172,2023-12-18,1148,CN2ZCC,CNE100001WJ8,BD5M1Z3,YIXINTANG PHARMA. GROUP 'A' (CCS),CN,CNY,45201015.0
51208,2023-12-18,1148,CN2HEW,CNE100000J34,BD5LT45,PRET COMPOSITES 'A' (CCS),CN,CNY,50203015.0
51012,2023-12-18,1148,CN34FL,CNE0000005V7,BHQPSZ8,HAINAN HAIDE CAPITAL MGMT.'A' (CCS),CN,CNY,30202010.0
51069,2023-12-18,1148,CN2YUT,CNE100002SZ0,BF2DZ73,CHINA DEPPON LOGISTICS 'A' (CCS),CN,CNY,50206040.0
51198,2023-12-18,1148,CN2G8P,CNE100000ZS4,BD5CFC8,CETC POTEVIO SCI&TECH 'A' (CCS),CN,CNY,15101010.0
51191,2023-12-18,1148,CN2XFD,CNE100000XC3,BD5LVN8,SHENZHEN KSTAR SCTC.'A' (CCS),CN,CNY,50202010.0
51210,2023-12-18,1148,CN2KWH,CNE000000MN4,BP3RD81,Xiamen ITG 'A' (CCS),CN,CNY,50205010.0
51234,2023-12-18,1148,CN2U1W,CNE100001203,BD5CFM8,SUOFEIYA HOME CLLN.'A' (CCS),CN,CNY,40202015.0
51205,2023-12-18,1148,CN2SA3,CNE000000F48,BD5CFF1,Biocause 'A' (CCS),CN,CNY,30301010.0
51410,2023-12-18,1148,CN89UA,BMG4600H1198,BMXJW56,HOPSON DEVELOPMENT HOLDINGS,CN,HKD,35101010.0
51206,2023-12-18,1148,CN2G5M,CNE000000YG3,BD5CF06,YONFER AGRICULTURAL TECH. (CCS),CN,CNY,55201015.0
51211,2023-12-18,1148,CN34TZ,CNE000000QN5,BKM3FV2,FUJIAN XIAMEN XIANGYU 'A' (CCS),CN,CNY,50206040.0
51232,2023-12-18,1148,CN2M5S,CNE000001Q44,BP3R6Y8,GUANGSHEN RAILWAY 'A' (CCS),CN,CNY,50206020.0
51184,2023-12-18,1148,CN30UW,CNE1000033H6,BDC41P2,XIAMEN INTRETECH 'A' (CCS),CN,CNY,40203010.0
51019,2023-12-18,1148,CN2FO4,CNE1000022J5,BYQDMM6,ANHUI GXIN.AGROCHEMICAL 'A' (CCS),CN,CNY,55201015.0
51197,2023-12-18,1148,CN2GJ0,CNE0000009N6,BD5CHT9,CHINA NAT.ACCORD MDC.'A' (CCS),CN,CNY,45201015.0
51185,2023-12-18,1148,CN34KQ,CNE100003JQ6,BK4XYB3,QINGDAO RURAL COMMER. BANK 'A' (CCS),CN,CNY,30101010.0
51021,2023-12-18,1148,CN36MU,CNE100002W84,BMQBVH4,ZHEJIANG CFMOTO POWER'A' (CCS),CN,CNY,40203055.0
51179,2023-12-18,1148,CN2NXL,CNE0000000L9,BD5M261,CHINA RESOURCES JINHUA 'A' (CCS),CN,CNY,40203010.0
51407,2023-12-18,1148,HK50JP,BMG210A71016,B00W4D6,Grand Pharmaceutical Group,CN,HKD,20103015.0
51199,2023-12-18,1148,CN2SWP,CNE000001KP1,BD5CKW3,Da An Gene 'A' (CCS),CN,CNY,20103010.0
51181,2023-12-18,1148,CN380A,CNE100002XD7,BKM3FD4,JIG.PRVL.AGRI.RECLM.& DEV.'A' (CCS),CN,CNY,45102010.0
50987,2023-12-18,1148,CN2TUO,CNE000001LQ7,BD5CCR2,Denghai Seeds 'A' (CCS),CN,CNY,45102010.0
51067,2023-12-18,1148,CN2NWK,CNE000000TX8,BD5M249,BENGANG STEEL PLATES 'A' (CCS),CN,CNY,55102010.0
51193,2023-12-18,1148,CN2ZHH,CNE000000DM5,BD5CKF6,ADDSINO 'A' (CCS),CN,CNY,50201020.0
51489,2023-12-18,1148,CN0Q2R,CNE1000002N9,B0Y91C1,China National 'H',CN,HKD,50101030.0
51188,2023-12-18,1148,CN3428,CNE1000036Q0,BGRDXR1,BANK OF ZHENGZHOU 'A' (CCS),CN,CNY,30101010.0
51177,2023-12-18,1148,CN2J7R,CNE000000SN1,BP3RLZ4,Three Gorges 'A' (CCS),CN,CNY,65101010.0
51014,2023-12-18,1148,CN2H9R,CNE100000V79,BD5LQX3,NANTONG JNH.CAPACIT.'A' (CCS),CN,CNY,10102015.0
51009,2023-12-18,1148,CN2RVN,CNE1000006B5,BD5C959,HUNAN GOLD CORPORATION 'A' (CCS),CN,CNY,55103025.0
51224,2023-12-18,1148,CN2G7O,CNE100001NY6,BD5CF39,HARBIN BOSHI ATMTN.'A' (CCS),CN,CNY,50204000.0
50794,2023-12-18,1148,CN86U7,US46591M1099,BL3N3C5,JOYY ADR,CN,USD,10101020.0
50972,2023-12-18,1148,CN2P5V,CNE100000X36,BFY8GH3,C&S PAPER 'A' (CCS),CN,CNY,45201020.0
51449,2023-12-18,1148,HK0157,BMG0957L1090,B01YCG0,BEIJING ENTS.WATER GROUP,CN,HKD,65102030.0
51458,2023-12-18,1148,663094,HK0257001336,6630940,CHINA EVERBRIGHT ENVIR. GP.,CN,HKD,65103035.0
51046,2023-12-18,1148,CN2ND1,CNE1000023H7,BYZW4F1,BEIJING DAHAO TECH.'A' (CCS),CN,CNY,50202040.0
51178,2023-12-18,1148,CN2F0G,CNE000000ZF2,BP3RGJ3,GREE REAL ESTATE 'A' (CCS),CN,CNY,35101010.0
51105,2023-12-18,1148,CN31X0,CNE000000H95,BD5LS04,CHINA MERC. PRO. O.&S. 'A' (CCS),CN,CNY,35101015.0
51194,2023-12-18,1148,CN2L0M,CNE000001675,BP3RDY7,Grandblue Enviroment 'A' (CCS),CN,CNY,65103035.0
51034,2023-12-18,1148,CN2OH6,CNE100001X19,BD5M294,MLS 'A' (CCS),CN,CNY,10102010.0
51023,2023-12-18,1148,CN2FCS,CNE000000KN8,BTFRHJ6,CHENGTUN MINING GP.'A' (CCS),CN,CNY,55102050.0
51018,2023-12-18,1148,CN35Z6,CNE100003N01,BK71FL1,QUECTEL WIRELESS SOLUTIONS 'A' (CCS),CN,CNY,15101010.0
51071,2023-12-18,1148,CN2ZPP,CNE100002FW4,BYW5N56,OPPLE LIGHTING 'A' (CCS),CN,CNY,50101035.0
50793,2023-12-18,1148,CN247C,CNE000000SK7,6019011,INNER MONGOLIA YITAI COAL 'B',CN,USD,60101040.0
51017,2023-12-18,1148,CN37QZ,CNE100002Z65,BK947P6,YANTAI EDDIE PRECN.MCH. 'A' (CCS),CN,CNY,50204000.0
51192,2023-12-18,1148,CN2S5Y,CNE000000VK1,BD5CDP7,Sz Airport 'A' (CCS),CN,CNY,50206060.0
51011,2023-12-18,1148,CN356D,CNE100004C60,BMZ58C1,BANK OF CHONGQING 'A' (CCS),CN,CNY,30101010.0
50774,2023-12-18,1148,CN1OXL,US54975P2011,BR0V7R7,LUFAX HLDG 1:2 ADS,CN,USD,30201020.0
51035,2023-12-18,1148,CN3248,CNE100000C56,BD5LW35,Tayho Advanced Materials Group 'A' (CCS),CN,CNY,55201010.0
51053,2023-12-18,1148,CN2MVI,CNE0000019G9,BP3RGG0,SHN.EXPRESSWAY 'A' (CCS),CN,CNY,50206060.0
51033,2023-12-18,1148,CN2V62,CNE100000T99,BD5LSR1,STO EXPRESS 'A' (CCS),CN,CNY,50206040.0
51066,2023-12-18,1148,CN2SPI,CNE0000002G5,BD5CJP9,Weifu Hi-Tech Gp 'A' (CCS),CN,CNY,40101025.0
51200,2023-12-18,1148,CN2XWU,CNE0000009B1,BD5CML6,BOHAI LEASING 'A' (CCS),CN,CNY,50206050.0
51028,2023-12-18,1148,CN369H,CNE100003J15,BMTCX56,RIYUE HEAVY IND.'A' (CCS),CN,CNY,55102015.0
51006,2023-12-18,1148,CN2VEA,CNE100001R82,BHRV3N8,GUANGDONG XINBAO ELECT. APP.A (CCS),CN,CNY,40202020.0
51036,2023-12-18,1148,CN2UC7,CNE100000HQ6,BD5CJG0,SICHUAN DEVELOPMENT LOMON 'A' (CCS),CN,CNY,55201015.0
51196,2023-12-18,1148,CN2EP4,CNE0000017V2,BP3R8Q4,Panjiang Coal 'A' (CCS),CN,CNY,60101040.0
50781,2023-12-18,1148,CN429E,US04965M1062,BLN9P16,ATOUR LIFESTYLE HOLDINGS LTD ADR,CN,USD,40501025.0
51016,2023-12-18,1148,CN2F9P,CNE000000Y94,BP3RMH3,LUENMEI QUANTUM HDG.'A' (CCS),CN,CNY,65102000.0
51059,2023-12-18,1148,CN34V1,CNE100003S63,BL6CMF5,SICHUAN ANNING IRON & TI. 'A' (CCS),CN,CNY,55102000.0
51013,2023-12-18,1148,CN2GO5,CNE000001JS7,BD5CKP6,TRANSFAR ZHILIAN 'A' (CCS),CN,CNY,50206060.0
51106,2023-12-18,1148,CN31VY,CNE1000008C9,BD5CQT2,Youngy 'A' (CCS),CN,CNY,55102050.0
51029,2023-12-18,1148,CN2EXC,CNE1000015X0,BP3RD70,JIANGSU LINYANG ENERGY 'A' (CCS),CN,CNY,50202025.0
51020,2023-12-18,1148,CN32Z3,CNE100002FF9,BYXS0X1,CENTRAL CHINA SECS.'A' (CCS),CN,CNY,30202015.0
51061,2023-12-18,1148,CN36PX,CNE100004HT2,BNR4N40,XIAMEN BANK 'A' (CCS),CN,CNY,30101010.0
50983,2023-12-18,1148,CN2P3T,CNE1000016Y6,BFY8HL4,ROSHOW TECHNOLOGY 'A' (CCS),CN,CNY,50202010.0
51015,2023-12-18,1148,CN2VPL,CNE000000LD7,BKM3FW3,Shanxi Coking 'A' (CCS),CN,CNY,60101040.0
50997,2023-12-18,1148,CN34PV,CNE100003LG3,BK71BP7,BEJ.YUANLIU HX. ELTECH. 'A' (CCS),CN,CNY,10102015.0
51404,2023-12-18,1148,CN24BG,CNE100001NN9,B87RSJ4,CHINA INTL.MAR.CTRS. (GP.) 'H',CN,HKD,50206060.0
51054,2023-12-18,1148,CN2LF1,CNE1000022K3,BYQDMK4,KINGCLEAN ELEC.'A' (CCS),CN,CNY,40202025.0
50792,2023-12-18,1148,CN1O7V,US23703Q2030,B953PM3,DAQO NEW ENERGY ADR,CN,USD,55201020.0
51176,2023-12-18,1148,CN30HJ,CNE000001GT1,BF2DZ28,CHONGQING FULING ELEC. PWR A (CCS),CN,CNY,65101015.0
50989,2023-12-18,1148,CN2RH9,CNE100002524,BYYFJT0,Toly Bread 'A' (CCS),CN,CNY,45102020.0
51039,2023-12-18,1148,CN37Z8,CNE100003M36,BK71CZ4,JINGJIN EQUIPMENT INC 'A' (CCS),CN,CNY,50204000.0
51466,2023-12-18,1148,CN8B8Q,BMG0171W1055,BPYM749,ALIBABA PICTURES GROUP,CN,HKD,40301010.0
51413,2023-12-18,1148,CN8BK2,KYG9891U1334,BDDLRK9,ZHONGYU ENERGY HOLDINGS LTD.,CN,HKD,65102020.0
51022,2023-12-18,1148,CN3215,CNE100000K31,BD5LTD4,KEHUA DATA 'A' (CCS),CN,CNY,50202010.0
50975,2023-12-18,1148,CN34CI,CNE100002JV8,BHQPRT5,SHN.MEGMEET ELECT.'A' (CCS),CN,CNY,50202040.0
51026,2023-12-18,1148,CN35BI,CNE1000026H0,BNR4NM8,JINHUI LIQUOR 'A' (CCS),CN,CNY,45101015.0
51032,2023-12-18,1148,CN2SD6,CNE000001261,BD5CG69,Zhongk Sanhuan 'A' (CCS),CN,CNY,50202010.0
51007,2023-12-18,1148,CN2XXV,CNE100000P51,BD73M73,SHENZHEN H & T INTEL. CNTL.'A' (CCS),CN,CNY,10102015.0
51447,2023-12-18,1148,HK00WX,BMG8086V1467,BJVBTY1,SHENZHEN INTL.HDG.,CN,HKD,50206060.0
51422,2023-12-18,1148,CN8EF0,HK0000083920,B3MPN59,SUN ART RETAIL GROUP,CN,HKD,40401010.0
51008,2023-12-18,1148,CN2XZX,CNE1000007X7,BD73L65,BAOWU MAGNESIUM TECHNOLOGY 'A' (CCS),CN,CNY,55102050.0
50982,2023-12-18,1148,CN2PYO,CNE100000049,BD5C9X7,MONTNETS CLOUD TECH. GP. 'A' (CCS),CN,CNY,15102015.0
51090,2023-12-18,1148,CN2TRL,CNE000000ZR7,BD5CBZ3,COFCO BIOTECHNOLOGY 'A' (CCS),CN,CNY,45102020.0
51025,2023-12-18,1148,CN2I5O,CNE000001C99,BP3R5J6,Bright Dairy and Food 'A' (CCS),CN,CNY,45102020.0
51038,2023-12-18,1148,CN3237,CNE000001PN5,BD5LV38,JIANGSU GUOTAI INTL.GP. 'A' (CCS),CN,CNY,55101020.0
50988,2023-12-18,1148,CN32DH,CNE0000006M4,BD5M023,CHINA TUNGSTEN &HIGHTECH 'A' (CCS),CN,CNY,55102050.0
51459,2023-12-18,1148,HK60X4,KYG984191075,BD9GZX7,YIHAI INTL HLDG,CN,HKD,45102020.0
50979,2023-12-18,1148,CN32SW,CNE1000005H4,BD73L43,SHENZHEN TOPBAND 'A' (CCS),CN,CNY,10102015.0
51417,2023-12-18,1148,CN2DCQ,KYG7339A1076,BN6N8J8,RADIANCE HOLDINGS GROUP,CN,HKD,35101010.0
51070,2023-12-18,1148,CN37IR,CNE1000031H0,BFYX667,XIANHE 'A' (CCS),CN,CNY,55101015.0
51030,2023-12-18,1148,CN2RYQ,CNE000001CR4,BD5CBM0,JILIN ELECTRIC POWER 'A' (CCS),CN,CNY,65101015.0
51412,2023-12-18,1148,CN3103,KYG2198S1093,B0M6DX9,CIMC ENRIC HOLDINGS,CN,HKD,60101030.0
51027,2023-12-18,1148,CN2HCU,CNE0000011X1,BD5LSP9,CHN ENERGY CHANGYUAN EL. 'A' (CCS),CN,CNY,65101015.0
50985,2023-12-18,1148,CN329D,CNE1000009J2,BD5LY84,Sanquan Foods 'A' (CCS),CN,CNY,45102020.0
51004,2023-12-18,1148,CN2PND,CNE000001L07,BD57ZT0,LIANCHUANG ELEC TECH 'A' (CCS),CN,CNY,50202010.0
51444,2023-12-18,1148,CN8CCV,KYG2816P1072,B29MXW3,DONGYUE GROUP,CN,HKD,55201000.0
50976,2023-12-18,1148,CN2U50,CNE100000C07,BD5CH44,Broad-Ocean 'A' (CCS),CN,CNY,50202010.0
50992,2023-12-18,1148,CN390B,CNE1000042H7,BP91NF4,WUXI NCE POWER 'A' (CCS),CN,CNY,10102010.0
50981,2023-12-18,1148,CN2IJ2,CNE000001R76,BP3R9V6,CHONGQING IRON & STEEL 'A' (CCS),CN,CNY,55102010.0
51058,2023-12-18,1148,CN2VTP,CNE100003Y65,BL6CRP0,CHINA-SG SZH. INPK.DEVGP.'A' (CCS),CN,CNY,35101010.0
50998,2023-12-18,1148,CN36GO,CNE100003SS3,BMXV144,BEI MO GAO FRICTION MTRL 'A' (CCS),CN,CNY,50201010.0
51491,2023-12-18,1148,CN0Q6V,CNE1000004X4,B1L3XL6,ZHUZHOU CRRC TIMES ELEC 'H',CN,HKD,50206025.0
51085,2023-12-18,1148,CN2ZNN,CNE000000TM1,BD5CBB9,TELLING TELECM.HLDG.'A' (CCS),CN,CNY,40401030.0
51002,2023-12-18,1148,CN30IK,CNE000000NP7,BF2DZ40,XINYU IRON & STEEL 'A' (CCS),CN,CNY,55102010.0
51204,2023-12-18,1148,CN2FUA,CNE000000S27,BD580M1,Tibet Mineral 'A' (CCS),CN,CNY,55102000.0
51092,2023-12-18,1148,CN2SF8,CNE000001568,BD5CGS1,Changyu-A 'A' (CCS),CN,CNY,45101015.0
51403,2023-12-18,1148,CN8DL5,KYG2157Q1029,BCDBKF8,CHINA LESSO GROUP HDG.,CN,HKD,50101035.0
50977,2023-12-18,1148,CN32UY,CNE1000009B9,BD73L76,TOPSEC TECHS. GP.'A' (CCS),CN,CNY,10101010.0
51040,2023-12-18,1148,CN37EN,CNE000001048,BFY8HH0,SICHUAN HEXIE SHUANGMA 'A' (CCS),CN,CNY,50101030.0
50978,2023-12-18,1148,CN2QWN,CNE000000FM0,BD5CLS6,DIGITAL CHINA INFORMATION SERVICE GROUP 'A' (CCS),CN,CNY,10101010.0
50980,2023-12-18,1148,CN2T60,CNE000000KT5,BD5CMG1,Financial St 'A' (CCS),CN,CNY,35101010.0
51100,2023-12-18,1148,CN2P7X,CNE1000036B2,BF0XD15,YANGTZE OPT. FIBRE&CABLE. 'A' (CCS),CN,CNY,15101010.0
50788,2023-12-18,1148,CN86LY,US47759T1007,B64H9N4,JINKOSOLAR HOLDING ADR,CN,USD,60102020.0
51024,2023-12-18,1148,CN2WUR,CNE100001765,BQ3RWX6,HENAN MINGTAI AL INDL. 'A' (CCS),CN,CNY,55102035.0
51406,2023-12-18,1148,HK90HR,KYG2163M1033,BF13433,CHINA EDUCATION GROUP HOLDINGS,CN,HKD,40201010.0
51000,2023-12-18,1148,CN2ZBB,CNE0000003F5,BD5M1R5,GUOCHENG MINING 'A' (CCS),CN,CNY,55102050.0
50974,2023-12-18,1148,CN391C,CNE000001618,BP91NM1,CNSIG INNER MON. CHE. IND. 'A' (CCS),CN,CNY,55201000.0
51086,2023-12-18,1148,CN2ZFF,CNE100001V11,BYV1VJ5,BEIJING GEOENVIRON E&T. 'A' (CCS),CN,CNY,65103035.0
51041,2023-12-18,1148,CN2UE9,CNE000001PF1,BD5CJN7,ZHEJ.WANFENG AUTO WHEEL 'A' (CCS),CN,CNY,40101025.0
51400,2023-12-18,1148,PH227,KYG2113L1068,B41XC98,CHINA RESOURCES BUILDING MATERIALS TECHNOLOGY HDG,CN,HKD,50101030.0
50995,2023-12-18,1148,CN35U1,CNE100003LB4,BK4XS44,JIANGSU GUOMAO REDUCER 'A' (CCS),CN,CNY,50204000.0
51399,2023-12-18,1148,HK40IN,KYG6501M1050,BBPD5F0,NEXTEER AUTOMOTIVE GROUP,CN,HKD,40101025.0
50999,2023-12-18,1148,CN2IM5,CNE000001F39,BP3RB98,Tang Sanyou 'A' (CCS),CN,CNY,55201000.0
50990,2023-12-18,1148,CN2ONC,CNE1000015C4,BD6QVY3,ANHUI JINHE INDL.'A' (CCS),CN,CNY,55201000.0
51075,2023-12-18,1148,CN35Y5,CNE100003N68,BK717G0,BEIDA JD.BIRD 'A' (CCS),CN,CNY,50202020.0
51496,2023-12-18,1148,CN0OI5,CNE1000004J3,6321954,TRAVELSKY TECHNOLOGY 'H',CN,HKD,10101010.0
51084,2023-12-18,1148,CN4C6L,CNE1000043M5,BNRLFQ7,WUXI PAIKE N. MTRLS TECH. 'A' (CCS),CN,CNY,55102015.0
51081,2023-12-18,1148,CN2EYD,CNE000000XB6,BP3RDB4,Sh Belling 'A' (CCS),CN,CNY,10102010.0
51060,2023-12-18,1148,CN36KS,CNE0000018Q0,BMQ8T71,INMYSHOW DIGITAL TECH. 'A' (CCS),CN,CNY,40301020.0
50994,2023-12-18,1148,CN2J5P,CNE000001G04,BP3RHJ0,Fangda Steel 'A' (CCS),CN,CNY,55102010.0
50996,2023-12-18,1148,CN2YFE,CNE0000016D2,BFB4HB5,TIBET SUMMIT RESOURCES 'A' (CCS),CN,CNY,55102050.0
51042,2023-12-18,1148,CN2IUD,CNE100001757,BP3RDR0,BEIJING JINGYUNTONG TECH.'A' (CCS),CN,CNY,10102020.0
51083,2023-12-18,1148,CN2SNG,CNE100000WV5,BD5CJH1,PENGDU AGRI. & ANIMAL HUSB.'A' (CCS),CN,CNY,45102010.0
51077,2023-12-18,1148,CN2TTN,CNE100000J59,BD5CCP0,ZHEJIANG YONGTAI TECH. 'A' (CCS),CN,CNY,55201020.0
51461,2023-12-18,1148,CN8CK3,KYG982771092,B2RJYH8,XTEP INTERNATIONAL HDG.,CN,HKD,40204025.0
51003,2023-12-18,1148,CN37MV,CNE100003K38,BHZM366,BANK OF QINGDAO 'A' (CCS),CN,CNY,30101010.0
51418,2023-12-18,1148,KY11J3,KYG1193D1097,BKY5R76,Blue Moon Group Holdings Ltd,CN,HKD,45201030.0
51089,2023-12-18,1148,CN376F,CNE1000031J6,BQ3RX33,WENCAN GROUP 'A' (CCS),CN,CNY,40101025.0
51072,2023-12-18,1148,CN2IVE,CNE000001907,BP3RF85,Xinan Chemical 'A' (CCS),CN,CNY,55201015.0
51074,2023-12-18,1148,CN2YZY,CNE1000018X4,BD5LX09,XIAMEN KINGDOMWAY GP.'A' (CCS),CN,CNY,45102020.0
51076,2023-12-18,1148,CN33CH,CNE000001QF9,BD6QV87,SANSTEEL MINGUANG 'A' (CCS),CN,CNY,55102010.0
51471,2023-12-18,1148,PH047,HK0817039453,B23TGR6,CHINA JINMAO HOLDINGS GROUP,CN,HKD,35101010.0
50993,2023-12-18,1148,CN2TXR,CNE0000002R2,BD5CD46,Csg Holding 'A' (CCS),CN,CNY,50203020.0
51063,2023-12-18,1148,CN2HGY,CNE100000BT3,BD5LV83,JIANGSU AZURE 'A' (CCS),CN,CNY,50203000.0
51005,2023-12-18,1148,CN2HI0,CNE000001PZ9,BD5LWR9,XINJIANG TECON ANM BIO-TECH A (CCS),CN,CNY,45102010.0
51465,2023-12-18,1148,KY119T,KYG5141L1059,BLBFH65,Jiumaojiu International Holdin,CN,HKD,40501040.0
51098,2023-12-18,1148,CN2HBT,CNE0000009C9,BD5LRK7,HUBEI YIHUA CHM.IND.'A' (CCS),CN,CNY,55201000.0
51097,2023-12-18,1148,CN2L1N,CNE000000TB4,BP3RFK7,NUODE NEW MATERIALS 'A' (CCS),CN,CNY,50202010.0
51088,2023-12-18,1148,CN2USN,CNE000001P86,BD5CN91,Gold Mantis 'A' (CCS),CN,CNY,50101035.0
51095,2023-12-18,1148,CN2TVP,CNE100000BQ9,BD5CCS3,Joyoung 'A' (CCS),CN,CNY,40202020.0
51087,2023-12-18,1148,CN31MP,CNE1000013N6,BHQPRM8,JIANGSU SHUANGXING A (CCS),CN,CNY,50203015.0
51101,2023-12-18,1148,CN31Z2,CNE1000006X9,BD5LSK4,ANHUI TRUCHUM ADMA. & TECH.'A' (CCS),CN,CNY,55102040.0
51103,2023-12-18,1148,CN30QS,CNE100000C98,BFY8GD9,LIER CHEMICAL 'A' (CCS),CN,CNY,55201015.0
51078,2023-12-18,1148,CN3204,CNE0000013G2,BD5LT56,CHENGZHI 'A' (CCS),CN,CNY,55201000.0
51062,2023-12-18,1148,CN367F,CNE100003PQ3,BL591D8,BAFANG ELECTRIC (SUZHOU) 'A' (CCS),CN,CNY,40101025.0
51398,2023-12-18,1148,CN92IS,VGG9833A1049,BGSN864,XINYI ENERGY HOLDINGS,CN,HKD,65101010.0
51079,2023-12-18,1148,CN2F4K,CNE100001M04,BP3RJD8,CTS INTL.LOGISTICS 'A' (CCS),CN,CNY,50206040.0
51057,2023-12-18,1148,CN392D,CNE100001ZW4,BP91NN2,SHINGHWA ADVANCED MATERIAL GROUP A (CCS),CN,CNY,55201000.0
51096,2023-12-18,1148,CN2F3J,CNE000001C57,BP3RHQ7,Jinjing 'A' (CCS),CN,CNY,50203020.0
51099,2023-12-18,1148,CN2E7M,CNE000000438,BP3R4L1,SHANGHAI WAIGAOQIAO 'A' (CCS),CN,CNY,35101010.0
51093,2023-12-18,1148,CN2FT9,CNE1000016H1,BD5LXM1,ZHEJIANG AKCOME NEW ENERGY TECHNOLOGY 'A' (CCS),CN,CNY,60102020.0
51091,2023-12-18,1148,CN2IK3,CNE1000013D7,BP3R9W7,CAMEL GROUP 'A' (CCS),CN,CNY,40101025.0
51414,2023-12-18,1148,KY11DX,KYG0405D1051,BKP5JH9,ANGELALIGN TECHNOLOGY,CN,HKD,20102015.0
51494,2023-12-18,1148,CN8FF1,KYG2116J1085,BH7HM06,CHINA CONCH VET.HOLDINGS,CN,HKD,65103035.0
51082,2023-12-18,1148,CN2QRI,CNE000000073,BD5CKX4,JINKE PROPERTY GROUP 'A' (CCS),CN,CNY,35101010.0
51065,2023-12-18,1148,CN35HO,CNE100004FX8,BP91N32,GUANGDONG SHUNKONG DEV. 'A' (CCS),CN,CNY,65102030.0
51056,2023-12-18,1148,CN346C,CNE1000036C0,BFYX656,MILKYWAY CHEM. SUPPLY CHAIN'A' (CCS),CN,CNY,50206060.0
51243,2023-12-18,1148,CN38R1,CNE100000YT5,BNR4M21,XIZI CLEAN ENERGY EQUIPMENT'A' (CCS),CN,CNY,50202010.0
51409,2023-12-18,1148,HK60RY,KYG410121084,BD20C13,GREENTOWN SER GRP,CN,HKD,35101015.0
51402,2023-12-18,1148,CN8EXI,KYG7956A1094,BMWYQP0,SEAZEN GROUP,CN,HKD,35101010.0
51068,2023-12-18,1148,CN3CBP,CNE100005HS1,BN6N6R2,HOLLY FUTURES 'A' (CCS),CN,CNY,30202015.0
51469,2023-12-18,1148,CN92FP,KYG5140J1013,BJ9JY53,JINXIN FERTILITY GROUP,CN,HKD,20101010.0
51421,2023-12-18,1148,680206,HK0604011236,6535261,SHENZHEN INVESTMENT,CN,HKD,35101010.0
51050,2023-12-18,1148,CN2KJ4,CNE000001782,BP3R938,Capital Dev 'A' (CCS),CN,CNY,35101010.0
51102,2023-12-18,1148,CN2V40,CNE100000080,BD5LSJ3,NANJI E-COMMERCE A (CCS),CN,CNY,10101020.0
51051,2023-12-18,1148,CN2P8Y,CNE000001P11,BD5CN35,JIANGSU SHAGANG 'A' (CCS),CN,CNY,55102010.0
51047,2023-12-18,1148,CN2U61,CNE1000008B1,BD5CH55,SHENZHEN JINJIA GP.'A' (CCS),CN,CNY,50203030.0
51052,2023-12-18,1148,CN366E,CNE100003Q57,BL6CND0,GRG METROLOGY & TEST GROUP 'A' (CCS),CN,CNY,40201070.0
51464,2023-12-18,1148,CN93KV,CNE100000353,6391935,HISENSE HOME APPLIANCES GROUP 'H',CN,HKD,40202020.0
51045,2023-12-18,1148,CN2H1J,CNE1000005Y9,BD5CMZ0,RiseSun Real Est 'A' (CCS),CN,CNY,35101010.0
51049,2023-12-18,1148,CN34U0,CNE0000004Q0,BL61WF2,GANSU SHANGFENG CMT.'A' (CCS),CN,CNY,50101030.0
51411,2023-12-18,1148,CN57U5,CNE100001ZT0,BYMW733,LEGEND HOLDINGS 'H',CN,HKD,10102030.0
51064,2023-12-18,1148,CN36Y6,CNE100005568,BP91NK9,JIANGSU BOQIAN NEW MATLS. 'A' (CCS),CN,CNY,55201000.0
51457,2023-12-18,1148,CN1AU4,CNE1000003J5,6005504,JIANGSU EXPRESSWAY H,CN,HKD,50206060.0
51416,2023-12-18,1148,CN534B,BMG202981087,BQWJ9K9,CGN NEW ENERGY HOLDINGS,CN,HKD,65101015.0
51451,2023-12-18,1148,CN1IDV,CNE100000X44,B4Q1Y57,CHONGQING RUR.COML.BK. 'H',CN,HKD,30101010.0
51405,2023-12-18,1148,608071,CNE1000002Z3,6080716,DATANG INTL.PWR.GNRTN. 'H',CN,HKD,65101015.0
50790,2023-12-18,1148,CN1SF7,US23344D1081,BMH5F39,DADA NEXUS 1 ADS,CN,USD,10101020.0
50775,2023-12-18,1148,CN24GL,CNE000000J85,6460200,INNER MONGOLIA EERDUOSI 'B',CN,USD,40204020.0
51462,2023-12-18,1148,HK00LM,CNE1000004F1,6579010,SINOTRANS 'H',CN,HKD,50206060.0
50789,2023-12-18,1148,CN24OT,CNE0000004K3,6196077,LAO FENG XIANG 'B',CN,USD,40204030.0
51408,2023-12-18,1148,CN12Y0,CNE100000TW9,B3ZXLP6,CHINA SUNTIEN GRN.EN.'H',CN,HKD,65102020.0
51420,2023-12-18,1148,CN427C,CNE100005KF2,BQ0QV84,AIM VACCINE H 'H',CN,HKD,20103015.0
51401,2023-12-18,1148,HK009A,CNE1000004C8,6797458,SINOPEC SHAI.PETROCHEM. 'H',CN,HKD,60101020.0
50773,2023-12-18,1148,CN24IN,CNE000000SJ9,6018256,SHAI.ZHENHUA HEAVY IND. 'B',CN,USD,50204020.0
50776,2023-12-18,1148,CN24EJ,CNE000000HH6,6798666,SHAI.LJZ.FN&T.ZONE DEV. 'B',CN,USD,35101010.0
51419,2023-12-18,1148,B018L7,CNE100000536,B018L76,COSCO SHIPPING DEVELOPMENT 'H',CN,HKD,50206030.0
51423,2023-12-18,1148,CN24CH,CNE0000002M3,6196174,CSG HOLDING 'B',CN,HKD,50203020.0
51415,2023-12-18,1148,CN249E,CNE000000T59,6043645,YANTAI CHANGYU PION.WINE 'B',CN,HKD,45101015.0
51394,2023-12-18,1148,CN24MR,CNE000000HW5,6393210,GUANGDONG ELEC.PWR.DEV. 'B',CN,HKD,65101015.0
51395,2023-12-18,1148,CN0P0O,CNE100000F20,B3NFC51,BBMG 'H',CN,HKD,50101030.0
51397,2023-12-18,1148,CN299J,CNE100004BP3,BNK9Q76,JOINN LAB. 'H',CN,HKD,20103010.0
51396,2023-12-18,1148,CN24RW,CNE000000J36,6944953,WEIFU HIGH TECH.GP.'B',CN,HKD,40101025.0
51426,2023-12-18,1148,CN6319,CNE0000007C3,6803441,CHINA MERCHANTS PORT GR.'B',CN,HKD,50206060.0
50777,2023-12-18,1148,CN257D,CNE0000004L1,6800817,SHANGHAI HUAYI GROUP 'B',CN,USD,40101015.0
50778,2023-12-18,1148,CN24TY,CNE000000FG2,6802835,SHANGHAI BAILIAN GROUP 'B',CN,USD,45201010.0
50780,2023-12-18,1148,CN267E,CNE000000GW7,6798763,SHANGHAI LINGANG HOLDINGS 'B',CN,USD,35101010.0
51424,2023-12-18,1148,CN258E,CNE000000RN3,6008291,BENGANG STL.PLATES 'B',CN,HKD,55102010.0
50779,2023-12-18,1148,CN25EK,CNE000000K58,6419172,HUADIAN ENERGY 'B',CN,USD,65101015.0
51425,2023-12-18,1148,CN26KR,CNE000000Q52,6442156,ADAMA 'B',CN,HKD,55201015.0
51712,2023-12-18,1148,IN713G,INE702C01027,BNDTGN9,APL APOLLO TUBES,IN,INR,55102010.0
51662,2023-12-18,1148,IN0AET,INE813H01021,B1JLL30,Torrent Pow,IN,INR,65101015.0
51726,2023-12-18,1148,IN2119,INE699H01024,BL6LPH5,ADANI WILMAR,IN,INR,45102020.0
51652,2023-12-18,1148,IN06ZA,INE356A01018,6151593,Mphasis,IN,INR,10101010.0
51758,2023-12-18,1148,IN12CK,INE513A01022,BPG9V35,Schaeffler India Ltd,IN,INR,40101025.0
51715,2023-12-18,1148,IN82AP,INE674K01013,BYVKT10,ADITYA BIRLA FIN. SERVICES,IN,INR,30301010.0
51735,2023-12-18,1148,IN0AO3,INE686F01025,B1683V6,United Brew,IN,INR,45101010.0
51629,2023-12-18,1148,IN02KR,INE084A01016,6099789,Bank of India,IN,INR,30101010.0
51704,2023-12-18,1148,IN0AT8,INE628A01036,B0L0W35,UPL Ltd,IN,INR,55201015.0
51644,2023-12-18,1148,IN066H,INE220G01021,6743257,JINDAL STAINLESS,IN,INR,55102010.0
51648,2023-12-18,1148,IN11SZ,INE761H01022,B1VJS64,PAGE INDUSTRIES,IN,INR,40204020.0
51653,2023-12-18,1148,IN087K,INE211B01039,B0SXY97,Phoenix Mills,IN,INR,35101010.0
51651,2023-12-18,1148,IN81HV,INE00R701025,BFN2YR2,DALMIA BHARAT,IN,INR,50101030.0
51698,2023-12-18,1148,IN20GN,INE04I401011,BFMX0X4,KPIT TECHNOLOGIES,IN,INR,10101010.0
51725,2023-12-18,1148,IN311A,INE249Z01012,BLHMSY5,MAZAGON DOCK SHIPBUILDERS,IN,INR,50206030.0
51741,2023-12-18,1148,IN70IU,INE405E01023,BYVC6Y8,UNO MINDA,IN,INR,40101025.0
51631,2023-12-18,1148,IN02W3,INE483A01010,B236VP0,Central Bank IN,IN,INR,30101010.0
51755,2023-12-18,1148,IN00FK,INE114A01011,6121499,Steel Authority of India Ltd,IN,INR,55102010.0
51635,2023-12-18,1148,IN10EK,INE797F01020,BNVYT93,JUBILANT FOODWORKS,IN,INR,40501040.0
51673,2023-12-18,1148,IN20LS,INE417T01026,BP4DVR3,PB FINTECH,IN,INR,30302015.0
51663,2023-12-18,1148,IN04OX,INE776C01039,B192HJ1,GMR AIRPORTS INFRASTRUCTURE,IN,INR,50206060.0
51727,2023-12-18,1148,IN20X4,INE317I01021,BLBJ0P7,METRO BRANDS,IN,INR,40401020.0
51734,2023-12-18,1148,IN2018,INE498L01015,B5KYHQ1,L&T FINANCE HOLDINGS,IN,INR,30201020.0
51636,2023-12-18,1148,IN827M,INE545U01014,BG1SV45,BANDHAN BANK,IN,INR,30101010.0
51710,2023-12-18,1148,IN044D,INE171A01029,BFT7KB7,The Federal Bank,IN,INR,30101010.0
51737,2023-12-18,1148,IN01CI,INE012A01025,6155915,ACC,IN,INR,50101030.0
51646,2023-12-18,1148,IN06Y9,INE180A01020,B1TJG95,MAX FINANCIAL SVS.,IN,INR,30301010.0
51760,2023-12-18,1148,IN11U1,INE042A01014,6099875,Escorts Kubota Ltd,IN,INR,50204010.0
51724,2023-12-18,1148,IN07ZB,INE881D01027,6528443,Oracle Fin,IN,INR,10101015.0
51680,2023-12-18,1148,IN12X5,INE591G01017,B02PD81,COFORGE,IN,INR,10101010.0
51714,2023-12-18,1148,IN30RZ,INE415G01027,BJLJGN3,RAIL VIKAS NIGAM,IN,INR,50101010.0
51719,2023-12-18,1148,IN0ADS,INE470A01017,6098496,3M India,IN,INR,50203000.0
51720,2023-12-18,1148,IN217F,INE825V01034,BP0BFK2,VEDANT FASHIONS,IN,INR,40204020.0
51747,2023-12-18,1148,IN01IO,INE212H01026,B0QDXM5,AIA Engg,IN,INR,50204000.0
51733,2023-12-18,1148,IN073F,INE774D01024,B8F8822,M&M Fin Services,IN,INR,30201020.0
51739,2023-12-18,1148,IN039H,INE169A01031,B0VDZN5,Coromandel Intl,IN,INR,55201015.0
51745,2023-12-18,1148,IN07U6,INE274J01014,B409HQ9,OIL INDIA Ltd,IN,INR,60101010.0
51716,2023-12-18,1148,IN30Y6,INE303R01014,BMYLJB6,KALYAN JEWELLERS INDIA,IN,INR,40204030.0
51732,2023-12-18,1148,IN20Y5,INE575P01011,BMG5DV4,STAR HEALTH ALLIED INSURANCE,IN,INR,30301010.0
51718,2023-12-18,1148,IN055F,INE671A01010,6889173,Honeywell Auto,IN,INR,50203000.0
51639,2023-12-18,1148,IN19CR,INE073K01018,BNR5NG5,SONA BLW PRECISION FORGINGS,IN,INR,40101025.0
51643,2023-12-18,1148,IN812G,INE935N01020,BNC5412,DIXON TECHNOLOGIES (INDIA),IN,INR,40203010.0
51736,2023-12-18,1148,IN18O2,INE09N301011,BK10P03,GUJARAT FLUOROCHEMICALS,IN,INR,55201000.0
51630,2023-12-18,1148,IN30T1,INE457A01014,B00PVH8,BANK OF MAHARASHTRA,IN,INR,30101010.0
51717,2023-12-18,1148,IN03CK,INE007A01025,B45Z353,CRISIL Ltd,IN,INR,30201030.0
51721,2023-12-18,1148,IN0A8N,INE152A01029,B10SSP1,Thermax,IN,INR,50101025.0
51665,2023-12-18,1148,IN80CP,INE288B01029,BNGMX23,DEEPAK NITRITE,IN,INR,55201000.0
51750,2023-12-18,1148,IN50IS,INE398R01022,BYXXQB6,SYNGENE INTERNATIONAL,IN,INR,20103010.0
51752,2023-12-18,1148,IN08CP,INE347G01014,B00KT68,Petronet Lng,IN,INR,60101020.0
51722,2023-12-18,1148,IN603E,INE844O01030,BGS92Z9,GUJARAT GAS,IN,INR,65102020.0
51751,2023-12-18,1148,IN18S6,INE511C01022,B084VN3,MAGMA FINCORP,IN,INR,30201020.0
51749,2023-12-18,1148,IN13EN,INE068V01023,BN8ZT55,GLAND PHARMA,IN,INR,20103015.0
51666,2023-12-18,1148,IN219H,INE148O01028,BN7FZ69,DELHIVERY,IN,INR,50206040.0
51667,2023-12-18,1148,IN05S2,INE571A01038,BMX7Q69,IPCA Labs,IN,INR,20103015.0
51757,2023-12-18,1148,IN02CJ,INE376G01013,6741251,Biocon,IN,INR,20103010.0
51728,2023-12-18,1148,IN04KT,INE159A01016,6117982,GlaxoSmith P,IN,INR,20103015.0
51759,2023-12-18,1148,IN05IS,INE203G01027,BD9PXD0,INDRAGAS,IN,INR,65102020.0
51658,2023-12-18,1148,IN0B2I,INE226A01021,B1FCQX2,Voltas Ltd,IN,INR,50101025.0
51743,2023-12-18,1148,IN216E,INE0FS801015,BPR9V01,MOTHERSON SUMI WIRING INDIA,IN,INR,40101025.0
51723,2023-12-18,1148,IN30LT,INE281B01032,BD3GM43,LLOYDS METALS & ENERGY,IN,INR,55102010.0
51729,2023-12-18,1148,IN06EP,INE531A01024,BWGW724,Kansai,IN,INR,50203010.0
51730,2023-12-18,1148,IN0AIX,INE092A01019,6101167,Tata Chemicals,IN,INR,55201000.0
50782,2023-12-18,1148,IN13IR,US92932M1018,B194GX4,WNS HDG. ADR,IN,USD,50205020.0
51627,2023-12-18,1148,IN505F,INE131B01039,BGSCL06,RELAXO FOOTWEARS,IN,INR,40204025.0
51746,2023-12-18,1148,IN03W4,INE548C01032,6741035,Emami,IN,INR,45201020.0
51713,2023-12-18,1148,IN601C,INE647O01011,B86PGH3,ADITYA FASH.& RETAIL,IN,INR,40204020.0
51731,2023-12-18,1148,IN20BI,INE100A01010,6139759,ATUL,IN,INR,55201000.0
51671,2023-12-18,1148,IN60HS,INE299U01018,BD87BS8,CRMPTN.GREAVES CSM.ELEC,IN,INR,40202020.0
51511,2023-12-18,1148,TW052W,TW0002834009,6098816,Taiwan Business Bank,TW,TWD,30101010.0
51519,2023-12-18,1148,TW10SI,TW0009941005,6201465,YULON FINANCE,TW,TWD,30201020.0
51507,2023-12-18,1148,TW08YV,TW0002368008,6107585,GOLD CIRCUIT ELECTRONICS,TW,TWD,10102015.0
51557,2023-12-18,1148,TW00G5,TW0002353000,6005850,Acer Inc,TW,TWD,10102030.0
51514,2023-12-18,1148,TW012S,TW0001229003,6515144,Lien Hwa Ind,TW,TWD,45102020.0
51554,2023-12-18,1148,TW10J9,TW0003533006,B1GJFG8,Lotes,TW,TWD,10102015.0
51526,2023-12-18,1148,TW08VS,TW0009945006,6748423,Ruentex C D,TW,TWD,35101010.0
51572,2023-12-18,1148,TW6050,TW0005269005,B6ZZQ69,ASMEDIA TECHNOLOGY,TW,TWD,10102010.0
51524,2023-12-18,1148,TW601W,TW0008464009,BSZLN15,NIEN MADE ENTERPRISE,TW,TWD,40202015.0
51549,2023-12-18,1148,TW060V,TW0003044004,6305721,Tripod Tech,TW,TWD,10102015.0
51510,2023-12-18,1148,TW01G6,TW0001504009,6879851,Teco Electric,TW,TWD,50202040.0
51550,2023-12-18,1148,TW03UM,TW0002449006,6352493,King Yuan Elec,TW,TWD,10102020.0
51525,2023-12-18,1148,TW208Z,KYG989221000,B734XQ4,ZHEN DING TECH.HOLDING,TW,TWD,10102015.0
51509,2023-12-18,1148,TW03A2,TW0002371002,6875677,Tatung,TW,TWD,50202010.0
51508,2023-12-18,1148,TW05WQ,TW0003035002,6186045,Faraday Tech,TW,TWD,10102010.0
51512,2023-12-18,1148,TW027Y,TW0002027000,6873109,Ta Chen,TW,TWD,55102010.0
51563,2023-12-18,1148,TW20I9,TW0006789001,BMCVYD5,VISERA TECHNOLOGIES,TW,TWD,10102010.0
51506,2023-12-18,1148,TW08JG,TW0009904003,6696157,Pou Chen,TW,TWD,40204025.0
51513,2023-12-18,1148,TW036Y,TW0002360005,6212100,Chroma Ate,TW,TWD,50202025.0
51516,2023-12-18,1148,TW070W,TW0003653002,B3FJBY3,JENTECH PRECISION INDL.,TW,TWD,10102015.0
51520,2023-12-18,1148,TW032U,TW0002352002,6054465,Qisda,TW,TWD,10102030.0
51562,2023-12-18,1148,TW080X,TW0006239007,6599676,PTI,TW,TWD,10102010.0
51518,2023-12-18,1148,TW02A1,TW0002059003,B01H720,King Slide,TW,TWD,55102015.0
51570,2023-12-18,1148,TW02G7,TW0002201001,6988597,Yulon Motor,TW,TWD,40101020.0
51521,2023-12-18,1148,TW104U,TW0002049004,B1YMYT5,HIWIN Tech,TW,TWD,50204000.0
51523,2023-12-18,1148,TW04D6,TW0002542008,6154075,Highwealth Const,TW,TWD,35101010.0
51573,2023-12-18,1148,TW033V,TW0002354008,6801779,Foxconn Tech,TW,TWD,10102015.0
51522,2023-12-18,1148,TW08OL,TW0009921007,6372167,GIANT MFG,TW,TWD,40203050.0
51564,2023-12-18,1148,TW1P8N,TW0001795003,B04S979,LOTUS PHARMACEUTICAL,TW,TWD,20103015.0
51574,2023-12-18,1148,TW05MG,TW0002915006,6758422,Ruentex Ind,TW,TWD,55101020.0
51580,2023-12-18,1148,TW10WM,TW0002492006,6089694,Walsin Tech,TW,TWD,10102015.0
51569,2023-12-18,1148,TW1PET,KYG0097V1086,BMXC4S2,ADVANCED ENERGY SO,TW,TWD,50202010.0
51576,2023-12-18,1148,TW01UK,TW0001722007,6109439,Twn Fertilizer,TW,TWD,55201015.0
51504,2023-12-18,1148,TW06QL,TW0003532008,B1HKJZ7,FORMOSA SUMCO TECHNOLOGY,TW,TWD,10102010.0
50783,2023-12-18,1148,TW1AYY,US82706C1080,B0CL646,SILICON MOTION TECH.ADR,TW,USD,10102010.0
51503,2023-12-18,1148,TW02LC,TW0002227006,B04G7V3,Yulon Nissan,TW,TWD,40101020.0
51581,2023-12-18,1148,TW08MJ,TW0009914002,6584445,Merida Industry,TW,TWD,40203050.0
51567,2023-12-18,1148,TW01ZP,TW0001802007,6870865,Twn Glass Ind,TW,TWD,50203020.0
51575,2023-12-18,1148,TW02WN,TW0002337003,6574101,Macronix,TW,TWD,10102010.0
51565,2023-12-18,1148,TW1P0F,KYG7171A1085,BD5TXX6,POLARIS GROUP,TW,TWD,20103010.0
51568,2023-12-18,1148,TW0683,TW0003189007,6687872,Kinsus,TW,TWD,10102010.0
51566,2023-12-18,1148,TW01C2,TW0001434009,6348588,Formosa Taffeta,TW,TWD,55101020.0
51328,2023-12-18,1148,KR10EQ,KR7128940004,B613DJ9,HanmiPharm,KR,KRW,20103015.0
51326,2023-12-18,1148,KR04T8,KR7029780004,B1WQQ48,Samsung Card,KR,KRW,30201020.0
51269,2023-12-18,1148,KR03T7,KR7011780004,6499323,Kumho,KR,KRW,55201000.0
51284,2023-12-18,1148,KR04IX,KR7021240007,6173401,COWAY,KR,KRW,40202020.0
51340,2023-12-18,1148,KR03U8,KR7011790003,6018085,SKC,KR,KRW,55201000.0
51270,2023-12-18,1148,KR30BP,KR7180640005,BCGD8Q8,HANJIN KAL,KR,KRW,40501010.0
51301,2023-12-18,1148,KR043I,KR7016360000,6408448,Samsung Sec,KR,KRW,30202015.0
51312,2023-12-18,1148,KR02ZC,KR7005940002,6537085,NH INV&SEC,KR,KRW,30202015.0
51278,2023-12-18,1148,KR19SD,KR7035900000,B16TC34,JYP ENTERTAINMENT,KR,KRW,40301010.0
51343,2023-12-18,1148,KR055L,KR7035250000,6683449,Kangwon Land,KR,KRW,40501020.0
51310,2023-12-18,1148,KR1AOA,KR7383220001,BP2NF51,F&F,KR,KRW,40204020.0
51282,2023-12-18,1148,KR068P,KR7071050009,6654586,Kr Inv Holdings,KR,KRW,30202015.0
51338,2023-12-18,1148,KR15O5,KR7068760008,B0V3YP0,Celltrion Pharm,KR,KRW,20103015.0
51339,2023-12-18,1148,KR03M0,KR7010620003,6451066,Hyundai Mipo Dk,KR,KRW,50206030.0
51247,2023-12-18,1148,KR025I,KR7003410008,6837280,SSANGYONG C&E,KR,KRW,50101030.0
51306,2023-12-18,1148,KR07P7,KR7272210006,BJN3H96,HANWHA SYSTEMS,KR,KRW,50201020.0
51324,2023-12-18,1148,KR02O1,KR7004990008,6535432,LOTTE CORP,KR,KRW,45102020.0
51345,2023-12-18,1148,KR401G,KR7064350002,BFPM3C8,HYUNDAI ROTEM,KR,KRW,50206025.0
51331,2023-12-18,1148,KR01MY,KR7001450006,B01LXY6,Hyundai Mar&Fire,KR,KRW,30302025.0
51335,2023-12-18,1148,KR032G,KR7006260004,6375780,Ls,KR,KRW,50202010.0
51341,2023-12-18,1148,KR01DP,KR7001040005,6189516,CJ Corp,KR,KRW,50203000.0
51336,2023-12-18,1148,KR01CO,KR7000990002,6407757,DB HITEK,KR,KRW,10102010.0
51332,2023-12-18,1148,KR03ES,KR7008770000,6440332,Hotel Shilla,KR,KRW,40401030.0
51320,2023-12-18,1148,KR20DQ,KR7007070006,B7F9Q79,GS RETAIL,KR,KRW,45201010.0
51325,2023-12-18,1148,KR03FT,KR7008930000,6146083,HANMI SCIENCE,KR,KRW,20103015.0
51311,2023-12-18,1148,KR812M,KR7263750002,BYX56S9,PEARLABYSS,KR,KRW,40203040.0
51305,2023-12-18,1148,KR00ZA,KR7000120006,6497112,CJ LOGISTICS,KR,KRW,50206060.0
51309,2023-12-18,1148,KR05GW,KR7039490008,B00VS64,KIWOOM,KR,KRW,30202015.0
51316,2023-12-18,1148,KR04R6,KR7028670008,B24FX49,PANOCEAN,KR,KRW,50206030.0
51327,2023-12-18,1148,KR01ZB,KR7002790004,6665931,AMOREG,KR,KRW,40204035.0
51323,2023-12-18,1148,KR71H0,KR7282330000,BD95QN1,BGF RETAIL,KR,KRW,45201010.0
51252,2023-12-18,1148,KR05R7,KR7052690005,B4LW1M1,KEPCO E&C,KR,KRW,50101015.0
51307,2023-12-18,1148,KR03ZD,KR7012750006,6180230,S-1 Corporation,KR,KRW,50205040.0
51249,2023-12-18,1148,KR058O,KR7036460004,6182076,Korea Gas,KR,KRW,65102020.0
51302,2023-12-18,1148,KR1AG2,KR7293490009,BMGYMB4,KAKAO GAMES,KR,KRW,40203040.0
51344,2023-12-18,1148,KR60L2,KR7112610001,BSPBZK8,CS WIND,KR,KRW,60102020.0
51330,2023-12-18,1148,KR14JZ,KR7014680003,6988155,Hansol Chemical,KR,KRW,55201000.0
51313,2023-12-18,1148,KR17P8,KR7139480008,B682TF7,E-MART,KR,KRW,40401010.0
51319,2023-12-18,1148,KR18O8,KR7020150009,B45LHQ0,LOTTE ENERGY MATERIALS,KR,KRW,10102015.0
51254,2023-12-18,1148,KR05N3,KR7047040001,6344122,Daewoo Eng&Const,KR,KRW,50101010.0
51317,2023-12-18,1148,KR01W8,KR7002380004,6490917,KCC,KR,KRW,50203010.0
51303,2023-12-18,1148,KR12AO,KR7112040001,B4Y8TB1,WEMADE,KR,KRW,40203040.0
51251,2023-12-18,1148,KR057N,KR7035760008,6199753,CJ ENM,KR,KRW,40301035.0
51318,2023-12-18,1148,KR82G1,KR7298020009,BD83164,HYOSUNG TNC,KR,KRW,55101020.0
51315,2023-12-18,1148,KR91I3,KR7336260005,BH4G7R8,DOOSAN FUEL CELL,KR,KRW,60102010.0
51245,2023-12-18,1148,KR1KIE,KR7137310009,BKSCSZ8,SD BIOSENSOR,KR,KRW,20102015.0
51304,2023-12-18,1148,KR035J,KR7006360002,6537096,GS E&C,KR,KRW,50101010.0
51253,2023-12-18,1148,KR033H,KR7006280002,6771708,GC BIOPHARMA,KR,KRW,20103015.0
51314,2023-12-18,1148,KR116J,KR7096530001,B679Q36,Seegene,KR,KRW,20103010.0
51248,2023-12-18,1148,KR801K,KR7285130001,BF2RZ42,SK CHEMICALS,KR,KRW,55201010.0
51246,2023-12-18,1148,KR012E,KR7000210005,6249584,DL,KR,KRW,50203015.0
51256,2023-12-18,1148,KR30T7,KR7456040005,BP68ZH4,OCI,KR,KRW,55201000.0
51255,2023-12-18,1148,KR204H,KR7019170000,6806116,SHIN POONG PHARM.,KR,KRW,20103015.0
51244,2023-12-18,1148,KR518P,KR7071051007,6671596,KOREA INVESTMENT 1P,KR,KRW,30202015.0
51264,2023-12-18,1148,KR188S,KR7011781002,6494737,KUMHO PETRO CHEMICAL PF.,KR,KRW,55201000.0
51262,2023-12-18,1148,KR189T,KR7005941000,6537159,NH INVESTMENT & SECURITIES.PF.,KR,KRW,30202015.0
51263,2023-12-18,1148,KR51IZ,KR7097951008,B24GTQ6,CJ CHEIL JEDANG 1P,KR,KRW,45102020.0
51258,2023-12-18,1148,KR50AQ,KR7001041003,6186153,CJ PF,KR,KRW,50203000.0
51260,2023-12-18,1148,KR50EU,KR7002791002,6667498,AMOREPACIFIC GROUP PF 1P,KR,KRW,40204035.0
51261,2023-12-18,1148,KR08O7,KR728513K010,BD3HDJ8,SK CHEMICALS PRE,KR,KRW,55201010.0
51259,2023-12-18,1148,KR809S,KR7006801005,6252474,MIRAE ASSET SEC PF.,KR,KRW,30202015.0
51291,2023-12-18,1148,KR089S,KR7019171008,6794749,SHIN POONG PHARM.PF.,KR,KRW,20103015.0
51352,2023-12-18,1148,ET001,TRETHAL00019,B1WTMP0,TURK. HALK BANKASI,TR,TRY,30101010.0
51351,2023-12-18,1148,B03MVZ,TRAMRDIN91F2,B03MVZ4,OYAK CIMENTO FABRIKALARI A S,TR,TRY,50101030.0
51353,2023-12-18,1148,ET020,TRETTLK00013,B2RCGV5,TURK TELEKOMUNIKASYON,TR,TRY,15102015.0
51361,2023-12-18,1148,ET027,TREKOAL00014,B3LP189,KOZA ALTIN ISLETMELERI,TR,TRY,55103025.0
51355,2023-12-18,1148,TR304R,TREPEGS00016,B9J4ZK0,PEGASUS HAVA TASIMACILIGI,TR,TRY,40501010.0
51349,2023-12-18,1148,B01GNH,TRETTRK00010,B03MYM2,TURK TRAKTOR,TR,TRY,50204010.0
51359,2023-12-18,1148,416441,TRAAEFES91A9,B03MNV4,ANADOLU EFES,TR,TRY,45101010.0
51356,2023-12-18,1148,TR806Y,TRAHEKTS91E4,B03MTG1,HEKTAS TICARET,TR,TRY,55201000.0
51346,2023-12-18,1148,TR002M,TREAKSN00011,B3Y1WH0,AKSA ENERJI URETIM,TR,TRY,65101015.0
51380,2023-12-18,1148,ID30LJ,ID1000186505,BN4DH26,PERTAMINA GEOTHERMAL ENERGY,ID,IDR,65101010.0
51369,2023-12-18,1148,ID00FA,ID1000068604,6366999,Gudang Garam Tbk PT,ID,IDR,45103010.0
51387,2023-12-18,1148,ID00OJ,ID1000106602,6053859,ANEKA TAMBANG,ID,IDR,55103025.0
51372,2023-12-18,1148,ID00LG,ID1000068703,6043485,BUMI RESOURCES,ID,IDR,60101040.0
51383,2023-12-18,1148,ID5099,ID1000135700,BYYMZ37,MITRA KELUARGA KARYASEHAT,ID,IDR,20101010.0
51375,2023-12-18,1148,ID3075,ID1000113905,B5NM8S1,ELANG MAHKOTA TEKNOLOGI,ID,IDR,40301035.0
51377,2023-12-18,1148,ID210Y,ID1000143605,BYW4PP7,MNC DIGITAL ENTERTAINMENT,ID,IDR,40301010.0
51384,2023-12-18,1148,ID00C7,ID1000061302,6454861,Indocement Tunggal Prakarsa Tb,ID,IDR,50101030.0
51385,2023-12-18,1148,ID00PK,ID1000108103,B28T1S7,Jasa Marga PT,ID,IDR,50206060.0
51366,2023-12-18,1148,ID2142,ID1000165004,BPG9298,AVIA AVIAN PT,ID,IDR,50203010.0
51379,2023-12-18,1148,ID2131,ID1000164700,BMZQ6M0,CISARUA MOUNTAIN DAIRY,ID,IDR,45102020.0
51371,2023-12-18,1148,ID00JE,ID1000108509,B29SK75,INDO TAMBANGRAYA MEGAH,ID,IDR,60101040.0
51373,2023-12-18,1148,ID00HC,ID1000094006,6565127,BUKIT ASAM TBK PT,ID,IDR,60101040.0
51386,2023-12-18,1148,ID0061,ID1000111602,6719764,Perusahaan Gas Negara PT,ID,IDR,65102020.0
51378,2023-12-18,1148,ID20SP,ID1000092703,6545248,BANK PAN INDONESIA,ID,IDR,30101010.0
51582,2023-12-18,1148,CL00OL,CLP3064M1019,2196338,COMP. SUDAMERICANA DE VAPORES,CL,CLP,50206030.0
51587,2023-12-18,1148,CL00C9,CLP3615W1037,2309255,Colbun SA,CL,CLP,65101010.0
51590,2023-12-18,1148,CL9028,CL0002539816,BK5XJM8,CENCOSUD SHOPPING,CL,CLP,35101010.0
51583,2023-12-18,1148,CL9017,CL0002456714,BYVW0G8,PLAZA,CL,CLP,35101010.0
51591,2023-12-18,1148,CL00GD,CLP249051044,2196189,Cia Cervecerias Unidas SA,CL,CLP,45101010.0
51589,2023-12-18,1148,CL00KH,CL0002841873,BN100C1,BANCO ITAU CHILE,CL,CLP,30101010.0
51616,2023-12-18,1148,TH00IS,TH0796010005,B0300P1,Thai Oil PCL,TH,THB,60101020.0
51620,2023-12-18,1148,TH510G,TH6068010Y02,BFXP653,MUANGTHAI CAPITAL,TH,THB,30201020.0
51621,2023-12-18,1148,TH00Q0,TH0221B10Z05,BDDW2W9,BTS Group Holdings PCL,TH,THB,50206020.0
51597,2023-12-18,1148,TH00MW,TH0143010Z08,6581907,Land and Houses PCL,TH,THB,35101010.0
51611,2023-12-18,1148,TH30BO,TH5097010000,BH6XVN1,DIGITAL TELECOM.IFCF.,TH,THB,35102025.0
51614,2023-12-18,1148,TH21T6,TH0991010008,B435YH4,SIAM GLOBAL HOUSE,TH,THB,40401025.0
51612,2023-12-18,1148,TH50ZE,TH6066010005,BSM67X3,CARABAO GROUP,TH,THB,45101020.0
51593,2023-12-18,1148,TH001B,TH0637010Y00,BK1W1V2,Ratch Group,TH,THB,65101015.0
51598,2023-12-18,1148,TH00PZ,TH0450010Y08,BYTBHS8,THAI UNION GROUP,TH,THB,45102020.0
51604,2023-12-18,1148,TH207J,TH0465010005,6304632,ELECTRICITY GENERATING,TH,THB,65101015.0
51623,2023-12-18,1148,TH12JW,THA271010003,BNR42C1,NGERN TID LOR,TH,THB,30201020.0
51599,2023-12-18,1148,TH00AK,TH0148A10Z06,BJFHBV6,Banpu PCL,TH,THB,60101040.0
51594,2023-12-18,1148,TH401F,TH0122C10Z04,BDZ7KL7,KCE ELECTRONICS,TH,THB,10102015.0
51607,2023-12-18,1148,TH50XC,TH5456010Y00,BF0F5R1,SRISAWAD CORPORATION,TH,THB,30201020.0
51605,2023-12-18,1148,TH706N,TH6678010005,BZ2YMZ3,COM7,TH,THB,40401030.0
51603,2023-12-18,1148,TH704L,TH7462010003,BD5NFC1,BANPU POWER,TH,THB,65101015.0
51596,2023-12-18,1148,TH806O,TH8193010007,BYZFF24,TOA PAINT THAILAND,TH,THB,50203010.0
51601,2023-12-18,1148,TH00JT,TH0471010Y04,6905295,IRPC PCL,TH,THB,60101020.0
51595,2023-12-18,1148,TH80AS,TH3925010Z05,BGHGSV9,JMT NETWORK SERVICES,TH,THB,50205020.0
51602,2023-12-18,1148,TH403H,TH4577010002,BCZZQ94,MK RESTAURANT GROUP,TH,THB,40501040.0
51763,2023-12-18,1148,MY00L5,MYL5398OO002,6359881,Gamuda Bhd,MY,MYR,50101010.0
51773,2023-12-18,1148,MY22MA,MYL5014OO005,6188193,MALAYSIA AIRPORTS HDG.,MY,MYR,50206060.0
51771,2023-12-18,1148,MY501Q,MYL5246OO003,BDFM1K8,WESTPORTS HOLDINGS,MY,MYR,50206060.0
51772,2023-12-18,1148,MY23K9,MYL7277OO006,B00MRS2,DIALOG GROUP,MY,MYR,60101030.0
51779,2023-12-18,1148,MY50NC,MYQ0166OO007,B54JP79,INARI AMERTRON,MY,MYR,10102010.0
51761,2023-12-18,1148,MY242S,MYL3689OO006,6555946,FRASER & NEAVE HDG.,MY,MYR,45101020.0
51767,2023-12-18,1148,MY22AY,MYL5168OO009,B2QPJK5,HARTALEGA HOLDINGS,MY,MYR,20102015.0
51768,2023-12-18,1148,MY208U,MYL7113OO003,B05L892,TOP GLOVE,MY,MYR,20102015.0
51770,2023-12-18,1148,MY00M6,MYL3336OO004,6455217,IJM Corp BHD,MY,MYR,50101010.0
51762,2023-12-18,1148,MY00UE,MYL2291OO002,6057680,Genting Plantations Bhd,MY,MYR,45102010.0
51791,2023-12-18,1148,PH04AK,PHY6028G1361,6514442,Metropolitan Bank & Trust,PH,PHP,30101010.0
51788,2023-12-18,1148,PH903I,PHY1001H1024,BMBZPW4,ACEN,PH,PHP,65101010.0
51786,2023-12-18,1148,PH11AI,PHY6142T1052,BMDTTT9,MONDE NISSIN,PH,PHP,45102020.0
51782,2023-12-18,1148,PH04LV,PHY7628G1124,BQ13Z04,Semirara Mining Corp,PH,PHP,60101040.0
51789,2023-12-18,1148,PH04JT,PHY2088F1004,6272483,DMCI Holdings Inc,PH,PHP,50203000.0
51790,2023-12-18,1148,PH20IQ,PHY290451046,B77H110,GT CAPITAL HOLDINGS,PH,PHP,40101020.0
51780,2023-12-18,1148,PH30AJ,PHY5342M1000,B92RW83,LT GROUP,PH,PHP,30101010.0
51781,2023-12-18,1148,PH04HR,PHY003341054,6147105,Alliance Global Group Inc,PH,PHP,50203000.0
51795,2023-12-18,1148,412267,GRS014003032,BNC0DB0,Piraeus Financial Holdings,GR,EUR,30101010.0
51801,2023-12-18,1148,423586,GRS015003007,BZ1MXR7,ALPHA SERVICES AND HOLDINGS,GR,EUR,30101010.0
51796,2023-12-18,1148,724353,GRS282183003,7243530,JUMBO,GR,EUR,40401010.0
51802,2023-12-18,1148,599623,GRS426003000,5996234,MOTOR OIL (HELLAS),GR,EUR,60101020.0
51793,2023-12-18,1148,547565,GRS298343005,5475658,HELLENIQ ENERGY HOLDINGS,GR,EUR,60101020.0
51806,2023-12-18,1148,KW203L,KW0EQ0100028,6889515,GULF BANK OF KUWAIT,KW,KWD,30101010.0
51803,2023-12-18,1148,KW208Q,KW0EQ0100077,6155818,BURGAN BANK,KW,KWD,30101010.0
51814,2023-12-18,1148,ZA102C,ZAE000063863,B06KZ97,WOOLWORTHS HDG.,ZA,ZAR,40401010.0
51811,2023-12-18,1148,ZA00LU,ZAE000084992,6418801,Exxaro Resources Ltd,ZA,ZAR,60101040.0
51810,2023-12-18,1148,ZA702I,ZAE000314084,BN6QSM0,OUTSURANCE GROUP LIMITED,ZA,ZAR,30302010.0
51808,2023-12-18,1148,073892,ZAE000255360,BDVPYN5,OLD MUTUAL,ZA,ZAR,30301010.0
51823,2023-12-18,1148,ZA20T4,ZAE000298253,BMZ1NS0,NORTHAM PLATINUM HOLDINGS,ZA,ZAR,55103030.0
51822,2023-12-18,1148,ZA20IT,ZAE000200457,BYXW419,MR PRICE GROUP,ZA,ZAR,40401020.0
51820,2023-12-18,1148,ZA00JS,ZAE000054045,6041122,African Rainbow Minerals Ltd,ZA,ZAR,55102000.0
51825,2023-12-18,1148,ZA20Y9,ZAE000148466,6349688,THE FOSCHINI GROUP,ZA,ZAR,40401020.0
51824,2023-12-18,1148,ZA206H,ZAE000179420,BBGB5W0,GROWTHPOINT PROPS.,ZA,ZAR,35102000.0
51807,2023-12-18,1148,ZA901J,ZAE000265971,BHZSKR4,MULTICHOICE GROUP,ZA,ZAR,15102010.0
51853,2023-12-18,1148,BR708H,BRCRFBACNOR2,BF7LBH4,ATACADAO,BR,BRL,45201010.0
51848,2023-12-18,1148,BR05PW,BRNEOEACNOR3,BF8GMG4,NEOENERGIA ON,BR,BRL,65101010.0
51828,2023-12-18,1148,BR00JL,BRNTCOACNOR5,BJRFY31,NATURA &CO HOLDING,BR,BRL,40204035.0
51827,2023-12-18,1148,BR008A,BRCSNAACNOR6,B019KX8,Cia Siderurgica Nacional SA,BR,BRL,55102010.0
51829,2023-12-18,1148,BR00RT,BRHYPEACNOR0,B2QY968,HYPERA,BR,BRL,20103015.0
51843,2023-12-18,1148,BR05AH,BRTOTSACNOR8,B10LQP6,Totvs,BR,BRL,10101015.0
51832,2023-12-18,1148,BR0439,BRENEVACNOR8,BFWHKM5,ENEVA ON,BR,BRL,65101015.0
51849,2023-12-18,1148,BR04KQ,BRPSSAACNOR7,B0498T7,Porto Seguro,BR,BRL,30302010.0
51846,2023-12-18,1148,BR1104,BRASAIACNOR0,BMZ9R04,SENDAS DISTRIBUIDORA,BR,BRL,45201010.0
51833,2023-12-18,1148,BR109C,BRKLBNACNPR9,2813347,KLABIN S.A. - PREF,BR,BRL,55101015.0
51844,2023-12-18,1148,BR00TV,BRCMIGACNPR3,B1YBRG0,CEMIG - PREF,BR,BRL,65101010.0
51845,2023-12-18,1148,BR03X2,BRLRENACNOR1,B0CGYD6,LOJAS RENNER,BR,BRL,40401020.0
51852,2023-12-18,1148,BR046C,BRMULTACNOR5,B23DZG0,MULTIPLAN,BR,BRL,35101010.0
51851,2023-12-18,1148,BR20GK,BRAUREACNOR9,BMXHJ82,AUREN ENERGIA ON,BR,BRL,65101010.0
51855,2023-12-18,1148,BR704D,BRMGLUACNOR2,B4975P9,MAGAZINE LUIZA ON,BR,BRL,40401030.0
51826,2023-12-18,1148,BR2015,BRCMIGACNOR6,B1YBRK4,CMPH.ENGT.MINASGR. ON,BR,BRL,65101010.0
51860,2023-12-18,1148,AE23RK,AEM001001019,BP0PMS1,MULTIPLY GROUP,AE,AED,30202000.0
51858,2023-12-18,1148,AE213U,AEA000801018,6001728,ABU DHABI ISLAMIC BANK,AE,AED,30101010.0
51864,2023-12-18,1148,AE22UM,AEA004601018,BMGS410,ABU DHABI PORTS COMPANY PJSC,AE,AED,50206060.0
51873,2023-12-18,1148,AE302T,AEE01135A222,BP4X2F8,AMERICANA RESTAURANTS INTL.,AE,SAR,40501040.0
51862,2023-12-18,1148,AE23MF,AEF000901015,BMXCL70,FERTIGLOBE COMPANY PJSC,AE,AED,55201015.0
51868,2023-12-18,1148,QA20BD,QA0006929812,6566614,QATAR ELTY& WT,QA,QAR,65102000.0
51866,2023-12-18,1148,QA20WY,QA000A0KD6L1,B0MLBC9,QATAR GSTRANNAKILAT,QA,QAR,50206030.0
51865,2023-12-18,1148,QA2046,QA0001200771,6516556,QATAR FUEL COMPANY,QA,QAR,60101020.0
51870,2023-12-18,1148,QA20HJ,QA0006929879,6571544,QATAR INTLISLAMIC BANK,QA,QAR,30101010.0
51885,2023-12-18,1148,SA22NT,SA000A0MQCJ2,B1Z8F66,SAUDI KAYAN PETROCH,SA,SAR,55201020.0
51888,2023-12-18,1148,SA21Y3,SA000A0B89Q3,B132Y63,SAUDI INDUSTRIAL INV,SA,SAR,55201000.0
51881,2023-12-18,1148,SA24HP,SA135G51UI10,B95TKH1,DALLAH HEALTHCARE,SA,SAR,20101010.0
51891,2023-12-18,1148,SA3016,SA15L1I156H7,BPNZYP9,ARABIAN DRILLING,SA,SAR,60101030.0
51874,2023-12-18,1148,SA236D,SA11U0S23612,B2NC4X7,DAR ALARKAN RLSTDEV,SA,SAR,35101010.0
51887,2023-12-18,1148,SA20BF,SA0007879063,B12M7M1,THE SAUDI INVESTMENT BK,SA,SAR,30101010.0
51883,2023-12-18,1148,SA3027,SA15L0N10HH3,BQGHZW3,POWER&WATER UTILITY CMP.FOR JUBAIL&YANBU,SA,SAR,65101015.0
51894,2023-12-18,1148,SA20AE,SA0007879055,B12LZQ8,BANK ALJAZIRA,SA,SAR,30101010.0
51893,2023-12-18,1148,SA228E,SA000A0JK5M3,B156TT1,SAUDI RESEARCH AND MEDIA GROUP,SA,SAR,40301030.0
51884,2023-12-18,1148,SA3038,SA15LGLI0N19,BNBPXW7,RIYADH CABLES,SA,SAR,50202010.0
51895,2023-12-18,1148,MX00K3,MX01CH170002,B457NQ0,Grupo Comercial Chedraui SA de,MX,MXN,40401010.0
51899,2023-12-18,1148,MX00TC,MX01KO000002,BHHP0S4,Coca-Cola Femsa SAB de CV,MX,MXN,45101020.0
51897,2023-12-18,1148,MX00DW,MX01OR010004,BH3T8K8,Orbia Advance Corp SAB de CV,MX,MXN,50203015.0
51901,2023-12-18,1148,MX702S,MX41BB000000,BYSX0F3,BNC.DEL BAJIO IDBC. MTPL.,MX,MXN,30101010.0
51904,2023-12-18,1148,451944,CZ0008019106,4519449,KOMERCNI BANKA,CZ,CZK,30101010.0
51912,2023-12-18,1148,EW059,PLPGER000010,B544PW9,PGE,PL,PLN,65101015.0
51908,2023-12-18,1148,414933,PLBUDMX00013,4149330,BUDIMEX,PL,PLN,50101010.0
51909,2023-12-18,1148,PL11CO,NL0015000AU7,BMXNYN0,PEPCO GROUP,PL,PLN,40401010.0
51911,2023-12-18,1148,525606,PLBH00000012,5256068,HANDLOWY,PL,PLN,30101010.0
51915,2023-12-18,1148,555255,PLTLKPL00017,5552551,ORANGE POLSKA,PL,PLN,15102015.0
51914,2023-12-18,1148,407732,PLBIG0000016,4077323,BANK MILLENNIUM,PL,PLN,30101010.0
51910,2023-12-18,1148,EW041,PLCFRPT00013,B2QRCM4,CYFROWY POLSAT,PL,PLN,15102010.0
51916,2023-12-18,1148,EG004Y,EGS60121C018,6243898,Commercial International Bank,EG,EGP,30101010.0
51917,2023-12-18,1148,EG2051,EGS37091C013,6298177,EASTERN TOBACCO,EG,EGP,45103010.0
51919,2023-12-18,1148,404238,HU0000123096,BC9ZH86,RICHTER GEDEON,HU,HUF,20103015.0
51920,2023-12-18,1148,CO0044,COE15PA00026,2205706,Interconexion Electrica SA,CO,COP,65101015.0
